{
    "require_version": "6.7",
    "directory": [],
    "sql_file": "",
    "libraries": [],
    "files": [
        {
            "root_directory": "update/update_6.8/application/controllers/Admin.php",
            "update_directory": "application/controllers/Admin.php"
        },
        {
            "root_directory": "update/update_6.8/application/controllers/Files.php",
            "update_directory": "application/controllers/Files.php"
        },
        {
            "root_directory": "update/update_6.8/application/views/backend/admin/frontend_settings.php",
            "update_directory": "application/views/backend/admin/frontend_settings.php"
        },
        {
            "root_directory": "update/update_6.8/application/helpers/multi_language_helper.php",
            "update_directory": "application/helpers/multi_language_helper.php"
        },
        {
            "root_directory": "update/update_6.8/application/models/Crud_model.php",
            "update_directory": "application/models/Crud_model.php"
        },
        {
            "root_directory": "update/update_6.8/application/views/backend/admin/category_add.php",
            "update_directory": "application/views/backend/admin/category_add.php"
        },
        {
            "root_directory": "update/update_6.8/application/views/backend/admin/category_edit.php",
            "update_directory": "application/views/backend/admin/category_edit.php"
        },
        {
            "root_directory": "update/update_6.8/application/views/frontend/default-new/footer.php",
            "update_directory": "application/views/frontend/default-new/footer.php"
        },
        {
            "root_directory": "update/update_6.8/application/views/frontend/default-new/header.php",
            "update_directory": "application/views/frontend/default-new/header.php"
        },
        {
            "root_directory": "update/update_6.8/application/views/frontend/default-new/home.php",
            "update_directory": "application/views/frontend/default-new/home.php"
        },
        {
            "root_directory": "update/update_6.8/application/views/frontend/default-new/home_1.php",
            "update_directory": "application/views/frontend/default-new/home_1.php"
        },
        {
            "root_directory": "update/update_6.8/application/views/frontend/default-new/home_2.php",
            "update_directory": "application/views/frontend/default-new/home_2.php"
        },
        {
            "root_directory": "update/update_6.8/application/views/frontend/default-new/home_3.php",
            "update_directory": "application/views/frontend/default-new/home_3.php"
        },
        {
            "root_directory": "update/update_6.8/application/views/frontend/default-new/home_4.php",
            "update_directory": "application/views/frontend/default-new/home_4.php"
        },
        {
            "root_directory": "update/update_6.8/application/views/frontend/default-new/home_5.php",
            "update_directory": "application/views/frontend/default-new/home_5.php"
        },
        {
            "root_directory": "update/update_6.8/application/views/frontend/default-new/home_6.php",
            "update_directory": "application/views/frontend/default-new/home_6.php"
        },
        {
            "root_directory": "update/update_6.8/application/views/frontend/default-new/includes_bottom.php",
            "update_directory": "application/views/frontend/default-new/includes_bottom.php"
        },
        {
            "root_directory": "update/update_6.8/application/views/frontend/default-new/includes_top.php",
            "update_directory": "application/views/frontend/default-new/includes_top.php"
        },
        {
            "root_directory": "update/update_6.8/application/views/payment-global/payment_gateway.php",
            "update_directory": "application/views/frontend/payment-global/payment_gateway.php"
        },
        {
            "root_directory": "update/update_6.8/assets/frontend/default-new/css/animate.min.css",
            "update_directory": "assets/frontend/default-new/css/animate.min.css"
        },
        {
            "root_directory": "update/update_6.8/assets/frontend/default-new/css/custom.css",
            "update_directory": "assets/frontend/default-new/css/custom.css"
        },
        {
            "root_directory": "update/update_6.8/assets/frontend/default-new/css/responsive.css",
            "update_directory": "assets/frontend/default-new/css/responsive.css"
        },
        {
            "root_directory": "update/update_6.8/assets/frontend/default-new/css/style.css",
            "update_directory": "assets/frontend/default-new/css/style.css"
        },
        {
            "root_directory": "update/update_6.8/assets/frontend/default-new/home/home_1.png",
            "update_directory": "assets/frontend/default-new/home/home_1.png"
        },
        {
            "root_directory": "update/update_6.8/assets/frontend/default-new/home/home_7.png",
            "update_directory": "assets/frontend/default-new/home/home_7.png"
        },
        {
            "root_directory": "update/update_6.8/assets/frontend/default-new/image/circle1.png",
            "update_directory": "assets/frontend/default-new/image/circle1.png"
        },
        {
            "root_directory": "update/update_6.8/assets/frontend/default-new/image/circle2.png",
            "update_directory": "assets/frontend/default-new/image/circle2.png"
        },
        {
            "root_directory": "update/update_6.8/assets/frontend/default-new/image/h1.svg",
            "update_directory": "assets/frontend/default-new/image/h1.svg"
        },
        {
            "root_directory": "update/update_6.8/assets/frontend/default-new/image/h2.svg",
            "update_directory": "assets/frontend/default-new/image/h2.svg"
        },
        {
            "root_directory": "update/update_6.8/assets/frontend/default-new/image/h3.svg",
            "update_directory": "assets/frontend/default-new/image/h3.svg"
        },
        {
            "root_directory": "update/update_6.8/assets/frontend/default-new/image/image_1.png",
            "update_directory": "assets/frontend/default-new/image/image_1.png"
        },
        {
            "root_directory": "update/update_6.8/assets/frontend/default-new/image/image_2.png",
            "update_directory": "assets/frontend/default-new/image/image_2.png"
        },
        {
            "root_directory": "update/update_6.8/assets/frontend/default-new/image/minus.svg",
            "update_directory": "assets/frontend/default-new/image/minus.svg"
        },
        {
            "root_directory": "update/update_6.8/assets/frontend/default-new/image/plus-solid.svg",
            "update_directory": "assets/frontend/default-new/image/plus-solid.svg"
        },
        {
            "root_directory": "update/update_6.8/assets/frontend/default-new/image/Subtract.png",
            "update_directory": "assets/frontend/default-new/image/Subtract.png"
        },
        {
            "root_directory": "update/update_6.8/assets/frontend/default-new/js/wow.min.js",
            "update_directory": "assets/frontend/default-new/js/wow.min.js"
        }
    ]
}